file,bytes,sha256
README.md,3177,5504a74aecf183671229eb52c326b497381eaea1c48929e1bf4c6bc88655b592
DATA_USE.md,422,b038860a0387ad5191b56baf9b608bd3479a5bcdde2b8307e9a645606b740ad6
.gitattributes,42,2b2adbdc433a66f488f59aa12631ec5cbdc0979d46233dca4a4dc297db365e1f
c_elegans_detection_annotations_v2.zip,14691459,e4aef6f282bd3291b513554f717454905174fa63132c028a98485820772bc3bf
c_elegans_segmentation_annotations_v1.zip,7842857,883500004f5f9759a54d926574e6c1206a2813a8e1700272b655a224aa447a79
c_elegans_tracking_annotations_mot.zip,177094,e076978bb2227f28b037fbcb1421888e51ade298f92c665adfbc90d008271832
detection_example.jpg,147036,82f0bec4257430ed3138869e94b3991135a472f0bd3197dd1a68d97a22368b91
segmentation_example.jpg,314653,b33f0576cac14073db6d47874705a3efdc77e2fae56bd2c5c63f7586781df4cc
tracking_example.jpg,304879,072509b7a4be1e4ab908022ce35bcd2f5873203e4d2462dbc1a659d1425d38f2
identity_recovery_example.png,1521551,b084eb8bbf64796254bfdb130c61f27ceeb8cc892c15ed8fe6485c5607f5f1bc
